peopleCd,peopleNm,repRoleNm,filmoNames
10038689,존 왓츠,감독,스파이더맨: 파 프롬 홈|스파이더맨: 홈 커밍|캅카
10000296,가이 리치,감독,알라딘|킹 아서: 제왕의 검|맨 프롬 UNCLE|셜록홈즈 : 그림자 게임|셜록 홈즈|락큰롤라|리볼버|스웹트 어웨이|스내치|록 스탁 앤 2 스모킹 배럴즈
10023314,조시 쿨리,감독,토이 스토리 4
20209287,남대중,감독,기방도령|위대한 소원
10090941,히라야마 미호,감독,극장판 엉덩이 탐정: 화려한 사건 수첩
20148215,고정욱,조감독,진범|몽타주|흉터|채식주의자|사랑 따윈 필요 없어|독개구리
10031641,봉준호,감독,"기생충|옥자|해무(海霧)|설국열차|토니 레인즈의 한국영화 25년|마더|감독들, 김기영을 말하다|괴물|남극일기|살인의 추억|이공|피도 눈물도 없이|플란다스의 개|유령|모텔 선인장|인플루엔자|싱크 & 라이즈|백색인|지리멸렬|프레임 속의 기억들|인디포럼2014 필름1|도쿄!"
10021926,아리 애스터,감독,미드소마|유전
10018162,게리 도버먼,감독,애나벨 집으로
10071639,채드 스타헬스키,배우,존 윅 3: 파라벨룸|존 윅 - 리로드|존 윅: 특별판|존 윅|네미시스 2 
10066410,로버트 페르난데스,감독,천로역정: 천국을 찾아서
20135271,강윤성,감독,롱 리브 더 킹: 목포 영웅|범죄도시|영어완전정복
20328592,다미앙 마니벨,감독,이사도라의 아이들
10052513,원종식,애니메이션촬영팀,별의 정원|뽀로로 극장판 공룡섬 대모험|뽀로로 극장판 컴퓨터 왕국 대모험|수박 병아리|천년기린
20196179,이정호,배우,독전|신 전래동화|그것만이 내 세상|강철비|남한산성|로마의 휴일|불한당: 나쁜 놈들의 세상|신의 한 수|찌라시: 위험한 소문
10009058,닐 조단,감독,마담 싸이코|온딘|브레이브 원|플루토에서 아침을|더블 다운|사랑의 슬픔 애수|인드림스|푸줏간 소년 |마이클 콜린스 |뱀파이어와의 인터뷰 |크라잉 게임|두번째 이별|모나리자
10043421,안소니 루소,감독,어벤져스: 엔드게임|어벤져스: 인피니티 워|캡틴 아메리카: 시빌 워|캡틴 아메리카: 윈터 솔져|허니문크래셔|웰컴 투 콜린우드
10091258,F. 게리 그레이,감독,맨 인 블랙: 인터내셔널|분노의 질주: 더 익스트림|스트레이트 아웃 오브 컴턴|모범시민|쿨|빈 디젤의 디아블로|이탈리안 잡|네고시에이터|셋잇오프 
10008737,라스 클리브버그,감독,사탄의 인형|폴라로이드
10027387,미야자키 하야오,감독,바람이 분다|벼랑 위의 포뇨|하울의 움직이는 성|붉은 돼지|센과 치히로의 행방불명|모노노케 히메|마녀배달부 키키|이웃집 토토로|천공의 성 라퓨타|바람계곡의 나우시카|루팡 3세: 칼리오스트로의 성|팬더와 친구들의 모험
10027082,미미 레더,감독,세상을 바꾼 변호인|코드|사라 실종 사건|아름다운 세상을 위하여|딥 임팩트|피스메이커
10034380,사이먼 킨버그,,엑스맨: 다크 피닉스|링컨: 뱀파이어 헌터
10009032,닐 버거,감독,업사이드|다이버전트|리미트리스|럭키 원스|일루셔니스트
10012399,덱스터 플레처,배우,로켓맨|잇 로컬|독수리 에디|선샤인 온 리스|와일드 빌|스탠더|록 스탁 앤 2 스모킹 배럴즈|죽어도 좋아
10028891,박신우,감독,트랩: 디렉터스 컷|백야행|미성년자 관람불가
20131414,이원태,감독,악인전|대장 김창수|조선마술사|가비|파파|오싹한 연애
10022882,마이클 도허티,감독,고질라: 킹 오브 몬스터|트릭 오어 트릿
10053709,유선동,감독,0.0MHz|내 심장을 쏴라|고死 두 번째 이야기: 교생실습|미스터 주부퀴즈왕|아라한 장풍대작전|샌드위치
20326692,정다원,배우,발광하는 현대사
10082206,찬드라세카란,감독,피터팬: 후크 선장과 결투의 날
20322109,이호경,감독,교회오빠
10060063,장규성,감독,어린 의뢰인|바람 바람 바람|나는 왕이로소이다|이장과 군수|여선생 VS 여제자|선생 김봉두|재밌는 영화
10043278,데이빗 야로베스키,감독,더 보이|더 하이브
20314390,홍승완,감독,배심원들
10018169,롭 레터맨,감독,명탐정 피카츄|구스범스|걸리버 여행기|몬스터 vs 에이리언|샤크
10048599,에반 트라멜,감독,언더 더 씨2|언더더씨|블랙 워터 뱀파이어
10054185,육상효,감독,"나의 특별한 형제|화장|강철대오:구국의 철가방|방가? 방가!|여자, 정혜|달마야, 서울 가자|아이언 팜|축제|장미빛 인생"
20132877,김현호,제작팀,스윙키즈|협상|상류사회|신과함께-인과 연|신과함께-죄와 벌|나를 잊지 말아요|나의 독재자|좋지 아니한가|엄마|챔피언
10018860,루카 구아다니노,감독,서스페리아|콜 미 바이 유어 네임|비거 스플래쉬|베르톨루치가 말하는 베르톨루치 |아이 엠 러브|멜리사 P.
20312876,앤소니 마라스,감독,호텔 뭄바이
10027427,미이케 다카시,감독,"라플라스의 마녀|테라포마스|도쿄아포칼립스: 최후의 결전|신이 말하는 대로|두더지의 노래: 잠입탐정 레이지|짚의 방패|악의교전|할복: 사무라이의 죽음|13인의 자객|크로우즈 제로 2|이겨라 승리호|크로우즈 제로|용이간다|스키야키 웨스턴 장고|마스터즈 오브 호러 시즌 2|46억년의 사랑|태양의 상처|요괴대전쟁|이조|제브라맨|착신아리|극도공포대극장 우두|데드 오어 얼라이브 3 : 파이널|사부|카타쿠리가의 행복|아지테이터|이치 더 킬러|비지터 큐|표류가|데드 오어 얼라이브 2: 도망자|천국에서 온 사내들|샐러리맨 긴타로|데드 오어 얼라이브|일본 마피아 사회|소년 우연대 3 - 망향|극도삼국지 부동|쓰리 몬스터|쓰리, 몬스터 '상자'"
10086128,피터 헤지스,감독,벤 이즈 백|디 오드 라이프 오브 티모시 그린|댄 인 러브|에이프릴의 특별한 만찬|길버트 그레이프
10057946,미키 코이치로,감독,고양이 여행 리포트|식물도감|노조키메
10076064,캘리 애스버리,감독,어글리 돌|스머프: 비밀의 숲|노미오와 줄리엣|슈렉2|스피릿
10003461,기예르모 델 토로,감독,퍼시픽 림: 업라이징|셰이프 오브 워터: 사랑의 모양|크림슨 피크|퍼시픽 림|마마|헬보이 2 : 골든 아미|판의 미로 - 오필리아와 세 개의 열쇠|헬보이|블레이드 2|악마의 등뼈|미믹 |크로노스
10013576,크리스찬 하스,감독,프렌즈: 둥지탈출
10087327,줄리아 하트,감독,미스 스티븐스
10042886,애너 보든,감독,캡틴 마블|이츠 카인드 오브 어 퍼니 스토리|슈거
20243469,미즈노 시게노리,감독,안도 타다오
20159971,이종언,감독,생일|시|여행자|밀양|봄|처녀네 식당
10073007,마이클 차베즈,감독,요로나의 저주
10017730,로저 미첼,감독,위크엔드 인 파리|굿모닝 에브리원|사랑을 견뎌내기|마더|체인징 레인스|노팅 힐|설득
10005276,김윤석,배우,"미성년|암수살인|1987|남한산성|당신, 거기 있어줄래요|검은 사제들|극비수사|쎄시봉|타짜-신의 손|해무(海霧)|화이: 괴물을 삼킨 아이|남쪽으로 튀어|도둑들|도둑들 영화를 만들다|완득이|황해|전우치|거북이 달린다|추격자|즐거운 인생|타짜|천하장사 마돈나|야수|파랑주의보|내 생애 가장 아름다운 일주일|시실리 2km|범죄의 재구성|울랄라씨스터즈|베사메무쵸|어린 연인"
10000873,강지은,감독,"크게 될 놈|고산자, 대동여지도|강철중: 공공의 적 1-1|도마뱀|실미도|공공의 적"
10041297,아담 맥케이,감독,바이스|빅쇼트|앵커맨: 더 레전드 컨티뉴|스탠바이 캅|스텝 브라더스|텔라데가 나이트 : 리키 바비의 발라드|앵커맨
10009025,닐 마샬,감독,헬보이|센츄리온|둠스데이:지구 최후의 날|디센트|독 솔져
20151353,박누리,조감독,돈|남자가 사랑할 때|베를린|부당거래|서울이 보이냐|더 게임|김관장 대 김관장 대 김관장
20302929,김성기,감독,왓칭
20235586,데이비드 F. 샌드버그,감독,샤잠!|애나벨 : 인형의 주인|라이트 아웃
20189699,케빈 콜쉬,감독,공포의 묘지|오디션
10086265,조던 필,감독,어스|겟 아웃
10085431,피에르 모렐,감독,아이 엠 마더|더 건맨 : 테이큰 감독 뉴프로젝트|더 건맨|프롬 파리 위드 러브|테이큰|13구역|트랜스포터
10061189,저스틴 밸도니,감독,파이브 피트
10060348,프랭키 첸,감독,장난스런 키스|나의 소녀시대
10081788,팀 버튼,감독,덤보|미스 페레그린과 이상한 아이들의 집|거울나라의 앨리스|빅 아이즈|링컨: 뱀파이어 헌터|다크 섀도우|프랑켄위니|이상한 나라의 앨리스|스위니 토드 : 어느 잔혹한 이발사 이야기|유령신부(애니)|찰리와 초콜릿 공장|빅 피쉬|혹성탈출|슬리피 할로우|팀버튼의 화성침공 |팀 버튼의 크리스마스 악몽|배트맨2|가위손|프랑켄위니|빈센트 
20316812,이창근,감독,로망
10052420,워시 웨스트모어랜드,감독,콜레트|스틸 앨리스|달콤한 열여섯
20170403,라스무스 A. 실버르센,감독,고릴라와 슈퍼레이스|아기곰 보보 구출 대작전|배저로와 친구들: 신비한 모험|꼬마영웅 경찰차 프로디2|솔란과 루드빅의 화이트 크리스마스 대소동|꼬마영웅 경찰차 프로디
20196167,이정범,동시녹음팀,미션스쿨|하이힐
20239886,김지혜,감독,썬키스 패밀리|생생활활
10086868,구스타브 몰러,감독,더 길티
20321940,이수진,시나리오(각본),번 더 스테이지: 더 무비
10033522,애덤 로비텔,감독,이스케이프 룸|인시디어스4: 라스트 키|테이킹
10084180,막심 파디브,감독,정글북: 마법 원정대
20284809,스도 토모노리,감독,페이트 스테이 나이트 헤븐즈필 제2장 로스트 버터플라이|페이트 스테이 나이트 헤븐즈필 제1장 프레시지 플라워
10078519,클린트 이스트우드,감독,라스트 미션|설리: 허드슨강의 기적|아메리칸 스나이퍼|저지 보이즈|내 인생의 마지막 변화구 |J.에드가 - FBI의 시작|히어애프터|우리가 꿈꾸는 기적: 인빅터스|그랜 토리노|체인질링|아버지의 깃발|이오지마에서 온 편지|밀리언 달러 베이비|더 블루스: 피아노 블루스|미스틱 리버|블러드 워크|스페이스 카우보이|클린트 이스트우드: 아웃 오브 섀도우|트루 크라임|앱솔루트 파워 |매디슨 카운티의 다리|완전한 세상 |사선에서|용서받지 못한 자|후계자|더티해리 4-써든 임팩트/서든 임팩트|화이어폭스|더티 파이터 2|원 웨이 티켓|더티 해리3-집행자|아우트 로|아이거 빙벽|대도적|황야의 스트렌저|이것이 법이다|브리지|어둠속에 벨이 울릴 때|더티 해리|사기당한 사람들|켈리의 영웅들|집행자|황야의 무법자|더티 화이터
10086073,피터 패럴리,감독,"그린 북|덤 앤 더머 투|바보 삼총사|홀 패스|하트브레이크 키드|날 미치게하는 남자|붙어야 산다|내겐 너무 가벼운 그녀|미, 마이셀프 앤드 아이린|메리에겐 뭔가 특별한 것이 있다 |킹 핀 |덤 앤 더머 "
20325318,조민호,스토리보드,항거:유관순 이야기
20125862,이병헌,감독,"극한직업|레슬러|바람 바람 바람|스물|오늘의 연애|타짜-신의 손|힘내세요, 병헌씨|네버엔딩 스토리|써니|과속스캔들|냄새는 난다"
20327892,이한상,감독,인터뷰
20317199,아르나드 부롱,감독,숲속왕국의 꿀벌 여왕
10060462,장재현,감독,"사바하|시간위의 집|검은 사제들|광해, 왕이 된 남자|특수본|바다|12번째 보조사제|버스|인도에서 온 말리|오오단편극장 - 이학주 배우전|어둑시니: 두려움을 먹는 자|제14회 미쟝센 단편영화제 전년도 수상작1|1월 단편 상상극장-해피 뉴 스타|제13회 미쟝센 단편영화제 심야의 절대구타 360|제13회 미쟝센 단편영화제 절대악몽1"
10051453,라파엘 리바스,감독,리노
10065698,요르고스 란티모스,감독,더 페이버릿: 여왕의 여자|킬링 디어|더 랍스터|송곳니|송곳니 감독판|내 가장 친한 친구
10020816,린 사우더랜드,감독,신데렐라:마법 반지의 비밀|뮬란 2
10033009,비욘 룬게,감독,더 와이프|해피 엔드|마우스 투 마우스|새벽
20201768,김유성,편집,헤픈젤: 비밀의 몸캠|꿈꾸는 나비|맛있는 정사: 오피스 와이프|없던 일|비밀: 아내의 남자|위험한 유혹 - 추억이 떠나면 외로움만 남는다
10013583,딘 데블로이스,감독,드래곤 길들이기 3|드래곤 길들이기 2|드래곤 길들이기|헤이마|릴로와 스티치
20158665,박수진,VFX 아티스트,"런닝맨 : 풀룰루의 역습|슈퍼레이서 엔지|봄, 눈|메이크 유어 무브 |댄싱퀸|원더풀 라디오|투혼|카운트다운|도가니|가문의 영광4 - 가문의 수난|블라인드|위험한 상견례|로맨틱 헤븐|나는 아빠다|그대를 사랑합니다|헬로우 고스트|황해|소와 함께 여행하는 법|심야의 F.M.|그랑프리|된장"
10016605,로버트 로드리게즈,감독,알리타: 배틀 엔젤|씬 시티: 다크히어로의 부활|마세티 킬즈|스파이키드4 : 올더타임인더월드|마셰티|쇼츠|플래닛 테러|그라인드 하우스|샤크보이와 라바걸의 모험 : 3-D|스파이 키드 3D|원스 어폰 어 타임 인 멕시코 |스파이 키드 2|스파이 키드|패컬티|황혼에서 새벽까지|포 룸 |엘 마리아치
10077207,크리스 콜럼버스,감독,"픽셀|퍼시 잭슨과 번개 도둑|아이 러브 유, 베스 쿠퍼|렌트|해리포터와 비밀의 방|해리포터와 마법사의 돌|바이센테니얼 맨|스텝맘|나인 먼쓰 |미세스 다웃파이어 |나 홀로 집에 2|나홀로 집에|피라미드의 공포|구니스 |그렘린 "
10087600,한스 페터 몰란트,감독,콜드 체이싱|미결처리반 Q: 믿음의 음모|사라짐의 순서|거품이 사라지면 |페더젠 동지|아름다운 나라
10077478,크리스토퍼 랜던,감독,해피 데스데이 2 유|해피 데스데이|파라노말 액티비티 : 더 마크드 원스
10018173,롭 마샬,감독,메리 포핀스 리턴즈|숲속으로|캐리비안의 해적: 낯선 조류|나인|게이샤의 추억|시카고
20321852,이민재,배우,살아남은 아이
20115431,야마모토 야스이치로,감독,명탐정 코난: 에피소드 원-작아진 명탐정|명탐정 코난 : 코난 실종사건 - 사상 최악의 이틀|명탐정 코난: 11번째 스트라이커|명탐정 코난: 천공의 난파선|명탐정 코난:전율의 악보|명탐정 코난:감벽의 관|명탐정 코난 : 탐정들의 진혼가 |명탐정 코난 : 수평선상의 음모|명탐정 코난:은빛 날개의 마술사
20306433,김진철,작화감독,극장판 헬로카봇 : 달나라를 구해줘!|극장판 헬로카봇: 옴파로스 섬의 비밀|극장판 헬로카봇 : 백악기 시대|헬로 카봇
20168023,나가미네 타츠야,배우,드래곤볼 슈퍼: 브로리|원피스 극장판 Z|예스! 프리큐어 5 - 거울 나라의 미라클 대모험!
20183664,한준희,감독,뺑반|차이나타운|사이코메트리|시나리오 가이드
10022687,마이크 미첼,감독,레고 무비2|트롤|앨빈과 슈퍼밴드3|슈렉 포에버|스카이 하이|서바이빙 크리스마스|듀스 비갈로
20187477,엄유나,시나리오(각본),말모이|택시운전사|번개와 춤을
10006823,나딘 라바키,감독,"가버나움|사랑해, 리우|카라멜"
10000970,강효진,감독,내안의 그놈|양아치 느와르|폭력의 법칙: 나쁜 피 두 번째 이야기|미쓰 와이프|나쁜 피|육혈포 강도단|펀치레이디|맨손으로 죽여라?|조폭마누라
20121802,리치 무어,감독,주먹왕 랄프 2: 인터넷 속으로|주토피아|주먹왕 랄프|심슨 가족|퓨쳐라마
10091491,M. 나이트 샤말란,감독,글래스|23 아이덴티티|더 비지트|애프터 어스|라스트 에어벤더|해프닝|레이디 인 더 워터|빌리지|싸인|언브레이커블|식스 센스|와이드 어웨이크
10057737,이춘백,작화감독,언더독|26년|마당을 나온 암탉|고인돌|누들누드 2|사람이되어라
10043130,안드레스 코투리어,감독,몬스터 파크
20306533,최신규,감독,극장판 헬로카봇 : 달나라를 구해줘!|극장판 헬로카봇: 옴파로스 섬의 비밀|극장판 공룡메카드: 타이니소어의 섬|극장판 헬로카봇 : 백악기 시대|헬로 카봇
10089218,호소다 마모루,감독,미래의 미라이|괴물의 아이|늑대아이|썸머 워즈|시간을 달리는 소녀|원피스 6기 극장판 : 오마츠리 남작과 비밀의 섬|게게게 키타로: 키타로의 유령전철
10077612,크리스토퍼 젠킨스,감독,구스 베이비|홈|서핑 업|월트디즈니의 헤라클레스 |월트디즈니의 노틀담의 꼽추 |라이온 킹|알라딘|미녀와 야수|인어공주 
10031865,브라이언 싱어,감독,보헤미안 랩소디|엑스맨: 아포칼립스|엑스맨: 데이즈 오브 퓨처 패스트|잭 더 자이언트 킬러|작전명 발키리|수퍼맨 리턴즈|엑스맨 2|엑스맨|죽음보다 무서운 비밀|유주얼 서스펙트
10064265,제임스 완,감독,아쿠아맨|애나벨 : 인형의 주인|컨저링 2|분노의 질주: 더 세븐|인시디어스: 두번째 집|컨저링|인시디어스|데드 사일런스|쏘우
20245489,트래비스 나이트,감독,범블비|쿠보와 전설의 악기
10004291,김병우,감독,PMC: 더 벙커|더 테러 라이브|리튼|아나모픽
10021027,타치카와 유즈루,감독,명탐정 코난 : 제로의 집행인
10058467,임경택,제작,언니|히어로|더 웹툰: 예고살인|고래를 찾는 자전거|김복남 살인사건의 전말|이브의 유혹 - 엔젤|잠복근무|인형사|잠잔 날
10000946,강형철,감독,스윙키즈|타짜-신의 손|써니 감독판|써니|과속스캔들
20255533,한상호,배우,동창회의 목적 3|바람난 여자들
20114371,타카하시 와타루,감독,극장판 짱구는 못말려: 아뵤! 쿵후 보이즈 ~라면 대란~|짱구는 못말려 극장판: 폭풍수면! 꿈꾸는 세계 대돌격|짱구는 못말려 극장판 : 정면승부! 로봇아빠의 역습|극장판 아따맘마3D : 엄마는 초능력자
20111283,우민호,감독,남산의 부장들|마약왕|내부자들: 디 오리지널|내부자들|간첩|파괴된 사나이|누가 예수를 죽였는가?
10038254,스콧 모시어,,"그린치|잭 앤 미리, 포르노 만들기"
10062679,밥 퍼시케티,감독,스파이더맨: 뉴 유니버스
10050389,야지마 테츠오,감독,극장판 포켓몬스터 모두의 이야기
10072117,최국희,감독,"국가부도의 날|스플릿|8월의 일요일들|극장전|그날 밤의 축제|삶은 전진하고|청춘, 외대앞|블루 디코딩"
10013865,라세 할스트롬,감독,호두까기 인형과 4개의 왕국|베일리 어게인|로맨틱 레시피|세이프 헤이븐|최면 전문의|사막에서 연어낚시|디어 존|하치 이야기|혹스: 욕망의 법칙|카사노바|언피니쉬드 라이프|쉬핑 뉴스|초콜릿|사이더 하우스|줄리아 로버츠의 사랑게임|길버트 그레이프|아바
20324439,이권능,배우,쎈놈
10083870,폴 페이그,감독,부탁 하나만 들어줘|고스트버스터즈|스파이|더 히트|내 여자친구의 결혼식|성탄절 전야의 공항 대소동|아이 엠 데이빗
10054516,윤준상,감독,런닝맨 : 풀룰루의 역습|초혼
10062703,제니퍼 웨스트콧,감독,엘리엇과 산타 썰매단
20111735,이재규,감독,완벽한 타인|역린|인플루언스
10051181,크리스찬 리버스,감독,모털 엔진
20318000,김민호,세트팀,인랑
20311974,강유선,감독,번개맨의 비밀
10023306,도노반 마시,감독,헌터 킬러
10009928,오토 바서스트,감독,후드
20100014,데이빗 예이츠,감독,신비한 동물들과 그린델왈드의 범죄|신비한 동물사전|레전드 오브 타잔|해리포터와 죽음의 성물2|해리 포터와 죽음의 성물1|해리 포터와 혼혈 왕자|해리 포터와 불사조 기사단|카페의 소녀
10032981,빅터 아즈에프,감독,투 프렌즈
20178840,페드 알바레즈,감독,거미줄에 걸린 소녀|맨 인 더 다크|이블 데드
10046021,앤드류 하얏트,감독,바울
20324132,박준수,배우,스물 아홉살
10070285,허버트 베일란드,감독,캡틴 샤키|리틀드래곤 코코넛
20139889,노규엽,조감독,출국|배꼽|미인도|우아한 세계
10063620,제이슨 라이트맨,감독,"고스트버스터즈 2020|툴리|멘, 우먼 & 칠드런|레이버 데이|영 어덜트|인 디 에어|주노|흡연, 감사합니다"
10058831,임진순,감독,동네사람들|슈퍼스타|해적 디스코왕 되다|일월영측|원격조정
20311469,우시지마 신이치로,감독,너의 췌장을 먹고 싶어
10025466,막심 볼코브,감독,로빈슨의 언더워터 어드벤처|매직울프
20260332,유영선,분장팀,리벤져|실종: 사라진아내
10087253,하정우,배우,"백두산|PMC: 더 벙커|클로젯|신과함께-인과 연|1987|신과함께-죄와 벌|서서평, 천천히 평온하게|싱글라이더|터널|아가씨|아가씨(확장판)|암살|허삼관|군도: 민란의 시대|롤러코스터|더 테러 라이브|베를린|577 프로젝트|러브픽션|범죄와의 전쟁: 나쁜놈들 전성시대|의뢰인|황해|평행이론|국가대표 완결판-못 다한 이야기|국가대표|보트|잘 알지도 못하면서|멋진 하루|비스티 보이즈|추격자|우리 생애 최고의 순간|숨|두 번째 사랑|구미호 가족|시간|용서받지 못한 자|잠복근무|슈퍼스타 감사용|마들렌|티파니에서 아침을"
10058386,일라이 로스,감독,벽 속에 숨은 마법시계|데스 위시|그린 인페르노|노크 노크|애프터쇼크|그라인드 하우스|호스텔 2|호스텔|캐빈 피버
10024774,마틴 코틱,감독,박물관이 진짜 살아있다
10045012,아리 산델,감독,구스범스: 몬스터의 역습|퀸카가 아니어도 좋아|와일드 웨스트 코미디 쇼
10011631,데이빗 고든 그린,감독,할로윈|스트롱거|맹글혼|조|프린스 아발란체|더 시터|유어 하이니스|파인애플 익스프레스|스노우 엔젤스|올 더 리얼 걸스|언더토우|조지 워싱턴
10032109,브래들리 쿠퍼,배우,어벤져스: 엔드게임|라스트 미션|스타 이즈 본|어벤져스: 인피니티 워|가디언즈 오브 갤럭시 VOL. 2|조이|더 셰프|알로하|세레나|아메리칸 스나이퍼|가디언즈 오브 갤럭시|아메리칸 허슬|플레이스 비욘드 더 파인즈|행오버3|실버라이닝 플레이북|더 스토리: 세상에 숨겨진 사랑|히트 앤 런|리미트리스|행오버 2|A-특공대|발렌타인 데이|행오버|뉴욕 아이 러브 유|미드나잇 미트 트레인
10057572,이지원,감독,미쓰백|우아한 세계|주홍글씨|번지점프를 하다|그녀에게|판타스틱 자살소동
10006086,김태균,감독,"암수살인|봄, 눈|써클|세이예스|신장개업|닥터 K|억수탕(3pm Paradise)|반짝반짝 두근두근|2015 GSFF 배우 특별전: 김수안 |[PDFF2015] 장애인미디어운동1 + 한국영화초청3"
20120723,루벤 플레셔,감독,베놈|갱스터 스쿼드|털기 아니면 죽기 : 제한시간 30분|좀비랜드
10009698,데이미언 셔젤,감독,퍼스트맨|라라랜드|위플래쉬
10068277,존 추,감독,크레이지 리치 아시안|나우 유 씨 미 2|지.아이.조 2|저스틴 비버 : 네버 세이 네버|스텝 업 3D|스텝업 2 : 더 스트리트
10074505,칼 멘데스,감독,윌리
10024440,마크 포스터,감독,곰돌이 푸 다시 만나 행복해|월드 워 Z|머신건 프리처 감독판|머신건 프리처|007 퀀텀 오브 솔러스|연을 쫓는 아이|스트레인저 댄 픽션|스테이|네버랜드를 찾아서|몬스터 볼
10003620,김광식,감독,안시성|찌라시: 위험한 소문|내 깡패 같은 애인|오프 로드|오아시스|얼굴|억수탕(3pm Paradise)|비천괴수
20138147,박진영,DI팀,"나랏말싸미|PMC: 더 벙커|스윙키즈|완벽한 타인|레슬러|리틀 포레스트|신과함께-인과 연|독전|신과함께-죄와 벌|기억의 밤|미옥|침묵|범죄도시|남한산성|하루|살인자의 기억법|더 테이블|불한당: 나쁜 놈들의 세상|싱글라이더|당신, 거기 있어줄래요|밀정|미씽: 사라진 여자|럭키|비밀은 없다|도리화가|검은 사제들|성난 변호사|뷰티 인사이드|협녀, 칼의 기억|사도|나의 절친 악당들|쎄시봉|상의원|국제시장|타짜-신의 손|우는 남자|소수의견|방황하는 칼날|찌라시: 위험한 소문|수상한 그녀|집으로 가는 길|감시자들|고령화 가족|공범|환상속의 그대|런닝맨|베를린|마이 리틀 히어로|나의 PS 파트너 |26년|R2B: 리턴투베이스|5백만불의 사나이|내 아내의 모든 것|시체가 돌아왔다|커플즈|완득이|카운트다운|푸른소금|퀵|체포왕|써니|심장이 뛴다|여의도|페스티발|심야의 F.M.|이끼|파괴된 사나이|사요나라 이츠카|하모니|홍길동의 후예|백야행|내 사랑 내 곁에|애자|구세주 2|잘 알지도 못하면서|김씨표류기|달콤한 거짓말|무림여대생|허밍|저수지에서 건진 치타|권순분여사 납치사건|황진이|수|최강로맨스|중천|라디오 스타|아들의 여자"
10056329,이시다 히로야스,감독,펭귄 하이웨이|태양소년 이슬소녀|비오는 마을|후미코의 고백|이시다 히로야스 X 아라이 요지로 특별전
10086194,올리버 달리,감독,액슬
10044124,마이크 데블린,감독,다이노 어드벤처: 에일리언 월드|다이노 어드벤처2: 육해공 공룡 대백과|다이노 어드벤처: 뉴 자이언트|다이노 어드벤처: 육해공 킬러 엘리트
20185450,조하네스 로버츠,감독,47미터 2|노크: 초대받지 않은 손님|47 미터|에일리언 인베이젼|에프 
10023193,마이클 수지,감독,에브리데이|서약|그레이 가든스
10028369,조나단 베이커,감독,킨: 더 비기닝|인컨시버블
20114792,이종석,감독,협상|그것만이 내 세상|히말라야|국제시장|더 킥|리턴
10068082,존 스티븐슨,감독,모차르트: 프라하의 서곡|모래요정과 아이들|애니멀 팜
10029586,박희곤,감독,명당|챔피언|퍼펙트 게임|인사동 스캔들|아 유 레디?
20134341,조원희,VFX 아티스트,"행복의 나라|신과함께-인과 연|독전|신과함께-죄와 벌|대립군|리얼|조작된 도시|서부전선|해적: 바다로 간 산적|화이: 괴물을 삼킨 아이|Mr.아이돌|오직 그대만|최종병기 활|고지전|마마|사랑한다, 사랑하지 않는다|꿈은 이루어진다|끝과 시작|전우치|불꽃처럼 나비처럼|여고괴담 5|거북이 달린다|서양 골동 양과자점 앤티크|가벼운 잠|두 사람이다|지금 사랑하는 사람과 살고 있습니까?|리턴|열세살 수아|그해 여름|애정결핍이 두 남자에게 미치는 영향|엽기적인 그녀|친구|번지점프를 하다|무서운 이야기 3 '기계령'"
10076618,코린 하디,감독,더 넌
10011005,아니쉬 차간티,감독,서치
20171642,우시로 신지,감독,극장판 요괴워치 섀도사이드: 도깨비왕의 부활|극장판 요괴워치: 하늘을 나는 고래와 더블세계다냥!|극장판 요괴워치: 탄생의 비밀이다냥!|스트레이트 재킷
10052360,울프강 라우엔슈타인,감독,루이스
10080742,닛타 노리오,감독,에그엔젤 코코밍: 두근두근 핼러윈 파티|극장판 에그엔젤 코코밍: 푸르밍과 두근두근 코코밍 세계
10038506,스탠리 투치,배우,"사일런스|칠드런 액트|파이널 포트레이트|미녀와 야수|와일드 카드|트랜스포머: 사라진 시대|천재 강아지 미스터 피바디|어느 창녀의 하루|잭 더 자이언트 킬러|제5계급|마진 콜: 24시간, 조작된 진실|이지 A|사랑은 음악처럼|스핀|죠 굴드의 비밀|알라미스트|임포스터|몬타나|빅 나이트"
10088447,허종호,감독,물괴|성난 변호사|카운트다운|눈부신 날에|얼굴값|승부
20309473,정미화,감독,극장판 뽀잉: 슈퍼 변신의 비밀
20321881,이석근,촬영팀,도어락|해피 투게더
10037886,쉐인 블랙,감독,더 프레데터|나이스 가이즈|언럭키맨|아이언맨 3|키스 키스 뱅뱅|롱 키스 굿나잇 
10019336,리 워넬,배우,업그레이드|인시디어스 3|인시디어스|쏘우
10051071,올 파커,감독,맘마미아!2|나우이즈굿 |베스트 엑조틱 메리골드 호텔|이매진 미 앤 유
20115572,김용화,감독,저격자 
10031397,변혁,감독,상류사회|주홍글씨|서프라이즈|인터뷰|올슨|His Concern|어머니의 여름|호모 비디오쿠스
10085422,리양우,감독,바니부기: 드래곤 에그를 찾아서
10054495,윤종빈,감독,공작|춘몽|검사외전|허삼관|군도: 민란의 시대|범죄와의 전쟁: 나쁜놈들 전성시대|비스티 보이즈|용서받지 못한 자
10029772,발타자르 코루마쿠르,감독,어드리프트:우리가 함께한 바다|오스|에베레스트|투건스|콘트라밴드|살인의 기억|천국으로 가는 초라한 여행|폭풍의 계절|보이지 않는 세계|성난 바다|레이캬비크|버림받은 천사들|분열|아그네스의 원죄 
10065265,조규장,감독,목격자|그날의 분위기|낙타는 말했다|봉수
10038539,갈리나 미클리노바,감독,양말요정 휴고의 대모험
10086171,수잔나 포겔,감독,나를 차버린 스파이
10001386,젠디 타타코브스키,감독,몬스터 호텔 3|몬스터 호텔 2|몬스터 호텔
10045281,알폰소 쿠아론,감독,로마|그래비티|칠드런 오브 맨|해리포터와 아즈카반의 죄수|이투마마|위대한 유산 |러브 앤 히스테리|도대체 그 남자가 누구야
10077515,크리스토퍼 맥쿼리,감독,미션 임파서블: 폴아웃|미션 임파서블: 로그네이션|잭 리처|웨이 오브 더 건|유주얼 서스펙트
20100022,존 터틀타웁,감독,쿨 러닝 |닌자 키드
10085782,피터 버그,감독,마일22|패트리어트 데이|딥워터 호라이즌|론 서바이버 |배틀쉽|핸콕|킹덤|프라이데이 나잇 라이트|웰컴 투 더 정글|코르키 로마노|베리배드씽|기적의 터치다운|질주|영혼의 목걸이
10055319,이마이 카즈아키,감독,극장판 도라에몽: 진구의 보물섬
10032042,브래드 버드,감독,인크레더블 2|투모로우랜드|미션임파서블:고스트프로토콜|라따뚜이|인크레더블|심슨 가족|아이언 자이언트
20070799,고레에다 히로카즈,감독,어느 가족|세 번째 살인|태풍이 지나가고|바닷마을 다이어리|그렇게 아버지가 된다|엔딩노트|진짜로 일어날지도 몰라 기적|공기인형|걸어도 걸어도|하나|아무도 모른다|디스턴스|원더풀 라이프|환상의 빛|그러나... 복지를 버리는 시대로|또 하나의 교육
10004265,김병갑,감독,신비아파트: 금빛 도깨비와 비밀의 동굴|마당을 나온 암탉|쩨쩨한 로맨스|마법천자문: 대마왕의 부활을 막아라|아치와 씨팍|왕후 심청
20320378,김지운,케이블맨,마약왕
10018399,루벤 외스틀룬드,감독,더 스퀘어|포스 마쥬어: 화이트 베케이션|분별없는 행동
10083194,페이튼 리드,감독,앤트맨과 와스프|앤트맨|예스맨|브레이크 업 : 이별후애(愛)|다운 위드 러브|브링잇온
